"ISIN","DocumentType","EffectiveDate","DownloadDate","DownloadUrl","FilePath","MD5Hash","FileSize"
"DE000A3D7559","Verkaufsprospekt","01.04.2024","23.06.2024","https://fondswelt.hansainvest.com/uploads/documents/verkaufsprospekt/VKP_1_Bona_Futura_01_04_2024.pdf","c:\Projects\FundDatabase\Hansainvest\DE000A3D7559\VKP_1_Bona_Futura_01_04_2024.pdf","5bcaca45541a0c28fcedb82e7ca7ea19","1052747"
"DE000A1H44G8","Verkaufsprospekt","15.11.2023","23.06.2024","https://fondswelt.hansainvest.com/uploads/documents/verkaufsprospekt/VKP_3ik_Strategiefonds_I_15_11_2023.pdf","c:\Projects\FundDatabase\Hansainvest\DE000A1H44G8\VKP_3ik_Strategiefonds_I_15_11_2023.pdf","1f5fa7ca2ea9c4d2907136048995f9ba","1209238"
"DE000A1H44G8","Jahresbericht","31.08.2023","23.06.2024","https://fondswelt.hansainvest.com/uploads/documents/jahresbericht/JB_606_3ik-Strategiefonds_I_Bericht_2023-08-31_Layout_PDF.pdf","c:\Projects\FundDatabase\Hansainvest\DE000A1H44G8\JB_606_3ik-Strategiefonds_I_Bericht_2023-08-31_Layout_PDF.pdf","4e8f882c98d0811bbf10a1129d153025","1480693"
"DE000A1H44G8","Halbjahresbericht","29.02.2024","23.06.2024","https://fondswelt.hansainvest.com/uploads/documents/halbjahresbericht/HJB_6066_3ik_Strategiefonds_I_Bericht.pdf","c:\Projects\FundDatabase\Hansainvest\DE000A1H44G8\HJB_6066_3ik_Strategiefonds_I_Bericht.pdf","dc25b1bcbd3969ac230b85ae1cff3b9a","730378"
"DE000A1H44L8","Verkaufsprospekt","15.11.2023","23.06.2024","https://fondswelt.hansainvest.com/uploads/documents/verkaufsprospekt/VKP_3ik_Strategiefonds_III_15_11_2023.pdf","c:\Projects\FundDatabase\Hansainvest\DE000A1H44L8\VKP_3ik_Strategiefonds_III_15_11_2023.pdf","d4621036808a53992781103075fb4426","1240462"
"DE000A1H44L8","Jahresbericht","31.08.2023","23.06.2024","https://fondswelt.hansainvest.com/uploads/documents/jahresbericht/JB_6068_3ik-Strategiefonds_III_Bericht_2023-08-31_Layout_PDF.pdf","c:\Projects\FundDatabase\Hansainvest\DE000A1H44L8\JB_6068_3ik-Strategiefonds_III_Bericht_2023-08-31_Layout_PDF.pdf","900b8adb7b1d4ae85ec122df24792b4b","1316844"
"DE000A1H44L8","Halbjahresbericht","29.02.2024","23.06.2024","https://fondswelt.hansainvest.com/uploads/documents/halbjahresbericht/HJB_6068_3ik_Strategiefonds_III_Bericht.pdf","c:\Projects\FundDatabase\Hansainvest\DE000A1H44L8\HJB_6068_3ik_Strategiefonds_III_Bericht.pdf","ea7d4da79e3ef2b1448f9ddadffed5a6","618818"
"DE000A3DV7B5","Verkaufsprospekt","19.02.2024","23.06.2024","https://fondswelt.hansainvest.com/uploads/documents/verkaufsprospekt/VKP_AuM_Experts_Momentum_World_19_02_2024.pdf","c:\Projects\FundDatabase\Hansainvest\DE000A3DV7B5\VKP_AuM_Experts_Momentum_World_19_02_2024.pdf","c74ec09f6223dc8eec099d822fb6ada8","1062542"
"DE000A3DV7B5","Jahresbericht","31.03.2023","23.06.2024","https://fondswelt.hansainvest.com/uploads/documents/jahresbericht/Jahresbericht_1983_AM_Experts_Momentum_World_Bericht_2023-03-31_Layout_PDF_5.pdf","c:\Projects\FundDatabase\Hansainvest\DE000A3DV7B5\Jahresbericht_1983_AM_Experts_Momentum_World_Bericht_2023-03-31_Layout_PDF_5.pdf","ddf6083b6368897bf56e702572bc8e8b","1142653"
"DE000A3DV7B5","Halbjahresbericht","30.09.2023","23.06.2024","https://fondswelt.hansainvest.com/uploads/documents/halbjahresbericht/HJB_1983_AM_Experts_Momentum_World_Bericht_2023-09-30_Layout_PDF.pdf","c:\Projects\FundDatabase\Hansainvest\DE000A3DV7B5\HJB_1983_AM_Experts_Momentum_World_Bericht_2023-09-30_Layout_PDF.pdf","03ed5ee343303c7431941c12fed69025","898747"
"DE000A14UW02","Verkaufsprospekt","01.01.2023","23.06.2024","https://fondswelt.hansainvest.com/uploads/documents/verkaufsprospekt/VKP_A_IX_Faktor_Fonds_01_01_2023.pdf","c:\Projects\FundDatabase\Hansainvest\DE000A14UW02\VKP_A_IX_Faktor_Fonds_01_01_2023.pdf","af814d3915c1a1fb53c5a195cbfefbf7","1157476"
"DE000A14UW02","Jahresbericht","31.12.2023","23.06.2024","https://fondswelt.hansainvest.com/uploads/documents/jahresbericht/6174_JB_AIX_Faktor_Fonds_Bericht_2023-12-31.pdf","c:\Projects\FundDatabase\Hansainvest\DE000A14UW02\6174_JB_AIX_Faktor_Fonds_Bericht_2023-12-31.pdf","774a315025d9a0703697854ef14f42fe","1240090"
"DE000A14UW02","Halbjahresbericht","30.06.2023","23.06.2024","https://fondswelt.hansainvest.com/uploads/documents/halbjahresbericht/HJB_6174_A_IX_Faktor_Fonds_Bericht_2023-06-30_Layout_PDF.pdf","c:\Projects\FundDatabase\Hansainvest\DE000A14UW02\HJB_6174_A_IX_Faktor_Fonds_Bericht_2023-06-30_Layout_PDF.pdf","9cc5e3711acb7702e577f477a4f148f2","538640"
"DE000A2QJLD2","Verkaufsprospekt","01.04.2024","23.06.2024","https://fondswelt.hansainvest.com/uploads/documents/verkaufsprospekt/VKP_Aaapollo_11_Global_01_04_2024.pdf","c:\Projects\FundDatabase\Hansainvest\DE000A2QJLD2\VKP_Aaapollo_11_Global_01_04_2024.pdf","a10039e8178afe1606881853195673f5","1214123"
"DE000A2QJLD2","Jahresbericht","31.08.2023","23.06.2024","https://fondswelt.hansainvest.com/uploads/documents/jahresbericht/JB_1916_Aaapollo_11_Global_Bericht_2023-08-31_Layout_PDF.pdf","c:\Projects\FundDatabase\Hansainvest\DE000A2QJLD2\JB_1916_Aaapollo_11_Global_Bericht_2023-08-31_Layout_PDF.pdf","d961af57d66818a9581f01380dd398b0","1068314"
"DE000A2QJLD2","Halbjahresbericht","29.02.2024","23.06.2024","https://fondswelt.hansainvest.com/uploads/documents/halbjahresbericht/HJB_1916_Aaapollo_11_Global_Bericht.pdf","c:\Projects\FundDatabase\Hansainvest\DE000A2QJLD2\HJB_1916_Aaapollo_11_Global_Bericht.pdf","9752001f0ac211df618c1b34eaf2f5ff","577417"
"DE000A2QJLE0","Verkaufsprospekt","01.04.2024","23.06.2024","https://fondswelt.hansainvest.com/uploads/documents/verkaufsprospekt/VKP_Aaapollo_11_Global_01_04_2024.pdf","c:\Projects\FundDatabase\Hansainvest\DE000A2QJLD2\VKP_Aaapollo_11_Global_01_04_2024.pdf","a10039e8178afe1606881853195673f5","1214123"
"DE000A2QJLE0","Jahresbericht","31.08.2023","23.06.2024","https://fondswelt.hansainvest.com/uploads/documents/jahresbericht/JB_1916_Aaapollo_11_Global_Bericht_2023-08-31_Layout_PDF.pdf","c:\Projects\FundDatabase\Hansainvest\DE000A2QJLD2\JB_1916_Aaapollo_11_Global_Bericht_2023-08-31_Layout_PDF.pdf","d961af57d66818a9581f01380dd398b0","1068314"
"DE000A2QJLE0","Halbjahresbericht","29.02.2024","23.06.2024","https://fondswelt.hansainvest.com/uploads/documents/halbjahresbericht/HJB_1916_Aaapollo_11_Global_Bericht.pdf","c:\Projects\FundDatabase\Hansainvest\DE000A2QJLD2\HJB_1916_Aaapollo_11_Global_Bericht.pdf","9752001f0ac211df618c1b34eaf2f5ff","577417"
"DE000A2QJK43","Verkaufsprospekt","01.04.2024","23.06.2024","https://fondswelt.hansainvest.com/uploads/documents/verkaufsprospekt/VKP_ABSOLUTE_Volatility_01_04_2024.pdf","c:\Projects\FundDatabase\Hansainvest\DE000A2QJK43\VKP_ABSOLUTE_Volatility_01_04_2024.pdf","69f628085bfe90d3e8f66504ecc0fc52","1274728"
"DE000A2QJK43","Jahresbericht","31.10.2023","23.06.2024","https://fondswelt.hansainvest.com/uploads/documents/jahresbericht/JB_1095_ABSOLUTE_Volatility_2023-10-31.pdf","c:\Projects\FundDatabase\Hansainvest\DE000A2QJK43\JB_1095_ABSOLUTE_Volatility_2023-10-31.pdf","794764e90d28ccc2cbbed27ad0ccbe07","1260498"
"DE000A2QJK43","Halbjahresbericht","30.04.2023","23.06.2024","https://fondswelt.hansainvest.com/uploads/documents/halbjahresbericht/HJB_1095_ABSOLUTE_Volatility_2023-04-30.pdf","c:\Projects\FundDatabase\Hansainvest\DE000A2QJK43\HJB_1095_ABSOLUTE_Volatility_2023-04-30.pdf","b3694dc5268d15ad7d4e4a56a68bfc8d","547514"
"DE000A2QJK50","Verkaufsprospekt","01.04.2024","23.06.2024","https://fondswelt.hansainvest.com/uploads/documents/verkaufsprospekt/VKP_ABSOLUTE_Volatility_01_04_2024.pdf","c:\Projects\FundDatabase\Hansainvest\DE000A2QJK43\VKP_ABSOLUTE_Volatility_01_04_2024.pdf","69f628085bfe90d3e8f66504ecc0fc52","1274728"
"DE000A2QJK50","Jahresbericht","31.10.2023","23.06.2024","https://fondswelt.hansainvest.com/uploads/documents/jahresbericht/JB_1095_ABSOLUTE_Volatility_2023-10-31.pdf","c:\Projects\FundDatabase\Hansainvest\DE000A2QJK43\JB_1095_ABSOLUTE_Volatility_2023-10-31.pdf","794764e90d28ccc2cbbed27ad0ccbe07","1260498"
"DE000A2QJK50","Halbjahresbericht","30.04.2023","23.06.2024","https://fondswelt.hansainvest.com/uploads/documents/halbjahresbericht/HJB_1095_ABSOLUTE_Volatility_2023-04-30.pdf","c:\Projects\FundDatabase\Hansainvest\DE000A2QJK43\HJB_1095_ABSOLUTE_Volatility_2023-04-30.pdf","b3694dc5268d15ad7d4e4a56a68bfc8d","547514"
"DE000A0NAU29","Verkaufsprospekt","29.03.2023","23.06.2024","https://fondswelt.hansainvest.com/uploads/documents/verkaufsprospekt/VKP_AEQUO_GLOBAL_29_03_2023.pdf","c:\Projects\FundDatabase\Hansainvest\DE000A0NAU29\VKP_AEQUO_GLOBAL_29_03_2023.pdf","f890620d8ba660fcb998892f4930579f","1111360"
"DE000A0NAU29","Jahresbericht","30.06.2023","23.06.2024","https://fondswelt.hansainvest.com/uploads/documents/jahresbericht/Jahresbericht_1977_AEQUO_GLOBAL_Bericht_2023-06-30_Layout_PDF.pdf","c:\Projects\FundDatabase\Hansainvest\DE000A0NAU29\Jahresbericht_1977_AEQUO_GLOBAL_Bericht_2023-06-30_Layout_PDF.pdf","0424d5a103408d7ee973dac09db8cf21","1498699"
"DE000A0NAU29","Halbjahresbericht","31.12.2023","23.06.2024","https://fondswelt.hansainvest.com/uploads/documents/halbjahresbericht/HJB_1977_AEQUO_GLOBAL_Bericht_2023-12-31_Layout_PDF.pdf","c:\Projects\FundDatabase\Hansainvest\DE000A0NAU29\HJB_1977_AEQUO_GLOBAL_Bericht_2023-12-31_Layout_PDF.pdf","dd59a98b74c2a26dbc8df3b5934cd2f1","927045"
"DE000A0MS7K3","Verkaufsprospekt","01.04.2024","23.06.2024","https://fondswelt.hansainvest.com/uploads/documents/verkaufsprospekt/VKP_AES_Rendite_Selekt_01_04_2024.pdf","c:\Projects\FundDatabase\Hansainvest\DE000A0MS7K3\VKP_AES_Rendite_Selekt_01_04_2024.pdf","1173de0b451652ff5717c61514f1de16","1202893"
"DE000A0MS7K3","Jahresbericht","31.12.2023","23.06.2024","https://fondswelt.hansainvest.com/uploads/documents/jahresbericht/JB_1940_AES_Rendite_Selekt_Bericht_2023-12-31.pdf","c:\Projects\FundDatabase\Hansainvest\DE000A0MS7K3\JB_1940_AES_Rendite_Selekt_Bericht_2023-12-31.pdf","a72d46d2350f748d2aa576c14a0f38ef","2168617"
"DE000A0MS7K3","Halbjahresbericht","30.06.2023","23.06.2024","https://fondswelt.hansainvest.com/uploads/documents/halbjahresbericht/HJB_1940_AES_Rendite_Selekt_Bericht_2023-06-30_Layout_PDF.pdf","c:\Projects\FundDatabase\Hansainvest\DE000A0MS7K3\HJB_1940_AES_Rendite_Selekt_Bericht_2023-06-30_Layout_PDF.pdf","21b04c161160a28d388f46ec5142b8de","1491539"
"DE000A0MS7J5","Verkaufsprospekt","01.04.2024","23.06.2024","https://fondswelt.hansainvest.com/uploads/documents/verkaufsprospekt/VKP_AES_Selekt_A1_01_04_2024.pdf","c:\Projects\FundDatabase\Hansainvest\DE000A0MS7J5\VKP_AES_Selekt_A1_01_04_2024.pdf","462af72c9b74029de5f53786f7aeabbc","1022989"
"DE000A0MS7J5","Jahresbericht","31.12.2023","23.06.2024","https://fondswelt.hansainvest.com/uploads/documents/jahresbericht/JB_1953_AES_Selekt_A1_Bericht_2023-12-31.pdf","c:\Projects\FundDatabase\Hansainvest\DE000A0MS7J5\JB_1953_AES_Selekt_A1_Bericht_2023-12-31.pdf","521192402e13ad49e638fc2ad43b5e76","1183741"
"DE000A0MS7J5","Halbjahresbericht","30.06.2023","23.06.2024","https://fondswelt.hansainvest.com/uploads/documents/halbjahresbericht/HJB_1953_AES_Selekt_A1_Bericht_2023-06-30.pdf","c:\Projects\FundDatabase\Hansainvest\DE000A0MS7J5\HJB_1953_AES_Selekt_A1_Bericht_2023-06-30.pdf","68f527129200e9e81ccea63dca325446","675408"
"DE000A111ZD6","Verkaufsprospekt","01.04.2024","23.06.2024","https://fondswelt.hansainvest.com/uploads/documents/verkaufsprospekt/VKP_AES_Strategie_Defensiv_01_04_2024.pdf","c:\Projects\FundDatabase\Hansainvest\DE000A111ZD6\VKP_AES_Strategie_Defensiv_01_04_2024.pdf","ff2bc9595b40fe6509a815b313007a34","1224268"
"DE000A111ZD6","Jahresbericht","31.12.2023","23.06.2024","https://fondswelt.hansainvest.com/uploads/documents/jahresbericht/JB_1941_AES_Strategie_Defensiv_Bericht_2023-12-31.pdf","c:\Projects\FundDatabase\Hansainvest\DE000A111ZD6\JB_1941_AES_Strategie_Defensiv_Bericht_2023-12-31.pdf","28c3736cbcd4d4e3a5294f28a3f75234","1662627"
"DE000A111ZD6","Halbjahresbericht","30.06.2023","23.06.2024","https://fondswelt.hansainvest.com/uploads/documents/halbjahresbericht/HJB_1941_AES_Strategie_Defensiv_Bericht_2023-06-30_Layout_PDF.pdf","c:\Projects\FundDatabase\Hansainvest\DE000A111ZD6\HJB_1941_AES_Strategie_Defensiv_Bericht_2023-06-30_Layout_PDF.pdf","850d6d2342f9e4148e26b345a0b605a3","1122021"
"DE000A2JQJC8","Verkaufsprospekt","01.02.2024","23.06.2024","https://fondswelt.hansainvest.com/uploads/documents/verkaufsprospekt/VKP_AFB_Global_Equity_Select_01_02_2024.pdf","c:\Projects\FundDatabase\Hansainvest\DE000A2JQJC8\VKP_AFB_Global_Equity_Select_01_02_2024.pdf","6abb6a6da40a63ced76d2437ecddebcd","1552808"
"DE000A2JQJC8","Jahresbericht","31.12.2023","23.06.2024","https://fondswelt.hansainvest.com/uploads/documents/jahresbericht/JB_1805_AFB_Global_Equity_Select_Bericht_2023-12-31.pdf","c:\Projects\FundDatabase\Hansainvest\DE000A2JQJC8\JB_1805_AFB_Global_Equity_Select_Bericht_2023-12-31.pdf","ce5bde942a2ce0cb1ccbdac3d2179e1a","2818299"
"DE000A2JQJC8","Halbjahresbericht","30.06.2023","23.06.2024","https://fondswelt.hansainvest.com/uploads/documents/halbjahresbericht/HJB_1805_Aktienfonds_fuer_Beteiligungsunternehmen_Bericht_2023-06-30.pdf","c:\Projects\FundDatabase\Hansainvest\DE000A2JQJC8\HJB_1805_Aktienfonds_fuer_Beteiligungsunternehmen_Bericht_2023-06-30.pdf","a66e5c61587c1e8e228a99886daa4f1c","792316"
"DE000A2PE006","Verkaufsprospekt","01.02.2024","23.06.2024","https://fondswelt.hansainvest.com/uploads/documents/verkaufsprospekt/VKP_AFB_Global_Equity_Select_01_02_2024.pdf","c:\Projects\FundDatabase\Hansainvest\DE000A2JQJC8\VKP_AFB_Global_Equity_Select_01_02_2024.pdf","6abb6a6da40a63ced76d2437ecddebcd","1552808"
"DE000A2PE006","Jahresbericht","31.12.2023","23.06.2024","https://fondswelt.hansainvest.com/uploads/documents/jahresbericht/JB_1805_AFB_Global_Equity_Select_Bericht_2023-12-31.pdf","c:\Projects\FundDatabase\Hansainvest\DE000A2JQJC8\JB_1805_AFB_Global_Equity_Select_Bericht_2023-12-31.pdf","ce5bde942a2ce0cb1ccbdac3d2179e1a","2818299"
"DE000A2PE006","Halbjahresbericht","30.06.2023","23.06.2024","https://fondswelt.hansainvest.com/uploads/documents/halbjahresbericht/HJB_1805_Aktienfonds_fuer_Beteiligungsunternehmen_Bericht_2023-06-30.pdf","c:\Projects\FundDatabase\Hansainvest\DE000A2JQJC8\HJB_1805_Aktienfonds_fuer_Beteiligungsunternehmen_Bericht_2023-06-30.pdf","a66e5c61587c1e8e228a99886daa4f1c","792316"
"DE000A2PE030","Verkaufsprospekt","01.02.2024","23.06.2024","https://fondswelt.hansainvest.com/uploads/documents/verkaufsprospekt/VKP_AFB_Global_Equity_Select_01_02_2024.pdf","c:\Projects\FundDatabase\Hansainvest\DE000A2JQJC8\VKP_AFB_Global_Equity_Select_01_02_2024.pdf","6abb6a6da40a63ced76d2437ecddebcd","1552808"
"DE000A2PE030","Jahresbericht","31.12.2023","23.06.2024","https://fondswelt.hansainvest.com/uploads/documents/jahresbericht/JB_1805_AFB_Global_Equity_Select_Bericht_2023-12-31.pdf","c:\Projects\FundDatabase\Hansainvest\DE000A2JQJC8\JB_1805_AFB_Global_Equity_Select_Bericht_2023-12-31.pdf","ce5bde942a2ce0cb1ccbdac3d2179e1a","2818299"
"DE000A2PE030","Halbjahresbericht","30.06.2023","23.06.2024","https://fondswelt.hansainvest.com/uploads/documents/halbjahresbericht/HJB_1805_Aktienfonds_fuer_Beteiligungsunternehmen_Bericht_2023-06-30.pdf","c:\Projects\FundDatabase\Hansainvest\DE000A2JQJC8\HJB_1805_Aktienfonds_fuer_Beteiligungsunternehmen_Bericht_2023-06-30.pdf","a66e5c61587c1e8e228a99886daa4f1c","792316"
"DE000A2JJ2Z6","Verkaufsprospekt","01.04.2024","23.06.2024","https://fondswelt.hansainvest.com/uploads/documents/verkaufsprospekt/VKP_AI_US_Dynamic_01_04_2024.pdf","c:\Projects\FundDatabase\Hansainvest\DE000A2JJ2Z6\VKP_AI_US_Dynamic_01_04_2024.pdf","825b161e058acd0971028a839cd5910b","1353228"
"DE000A2JJ2Z6","Jahresbericht","30.06.2023","23.06.2024","https://fondswelt.hansainvest.com/uploads/documents/jahresbericht/Jahresbericht_1876_AI_US_Dynamic_Bericht_2023-06-30_Layout_PDF.pdf","c:\Projects\FundDatabase\Hansainvest\DE000A2JJ2Z6\Jahresbericht_1876_AI_US_Dynamic_Bericht_2023-06-30_Layout_PDF.pdf","9df2877d15b4052c7eb40d204482826a","1798766"
"DE000A2JJ2Z6","Halbjahresbericht","31.12.2023","23.06.2024","https://fondswelt.hansainvest.com/uploads/documents/halbjahresbericht/HJB_1876_AI_US_Dynamic_Bericht_2023-12-31_Layout_PDF.pdf","c:\Projects\FundDatabase\Hansainvest\DE000A2JJ2Z6\HJB_1876_AI_US_Dynamic_Bericht_2023-12-31_Layout_PDF.pdf","fc257c5b533fd9d1daf3bbd60426d455","1150273"
"DE000A2JJ206","Verkaufsprospekt","01.04.2024","23.06.2024","https://fondswelt.hansainvest.com/uploads/documents/verkaufsprospekt/VKP_AI_US_Dynamic_01_04_2024.pdf","c:\Projects\FundDatabase\Hansainvest\DE000A2JJ2Z6\VKP_AI_US_Dynamic_01_04_2024.pdf","825b161e058acd0971028a839cd5910b","1353228"
"DE000A2JJ206","Jahresbericht","30.06.2023","23.06.2024","https://fondswelt.hansainvest.com/uploads/documents/jahresbericht/Jahresbericht_1876_AI_US_Dynamic_Bericht_2023-06-30_Layout_PDF.pdf","c:\Projects\FundDatabase\Hansainvest\DE000A2JJ2Z6\Jahresbericht_1876_AI_US_Dynamic_Bericht_2023-06-30_Layout_PDF.pdf","9df2877d15b4052c7eb40d204482826a","1798766"
"DE000A2JJ206","Halbjahresbericht","31.12.2023","23.06.2024","https://fondswelt.hansainvest.com/uploads/documents/halbjahresbericht/HJB_1876_AI_US_Dynamic_Bericht_2023-12-31_Layout_PDF.pdf","c:\Projects\FundDatabase\Hansainvest\DE000A2JJ2Z6\HJB_1876_AI_US_Dynamic_Bericht_2023-12-31_Layout_PDF.pdf","fc257c5b533fd9d1daf3bbd60426d455","1150273"
"DE000A1W2BV7","Verkaufsprospekt","01.01.2023","23.06.2024","https://fondswelt.hansainvest.com/uploads/documents/verkaufsprospekt/VKP_AIRC_BEST_OF_US_01_01_2023.pdf","c:\Projects\FundDatabase\Hansainvest\DE000A1W2BV7\VKP_AIRC_BEST_OF_US_01_01_2023.pdf","5dc961571383cd2161fd0a4dc8af8296","1311718"
"DE000A1W2BV7","Jahresbericht","30.09.2023","23.06.2024","https://fondswelt.hansainvest.com/uploads/documents/jahresbericht/Jahresbericht_1890_AIRC_BEST_OF_US_Bericht_2023-09-30.pdf","c:\Projects\FundDatabase\Hansainvest\DE000A1W2BV7\Jahresbericht_1890_AIRC_BEST_OF_US_Bericht_2023-09-30.pdf","9a7a3f563d616cde8e9c4f48d1a4e3a5","1629176"
"DE000A1W2BV7","Halbjahresbericht","31.03.2024","23.06.2024","https://fondswelt.hansainvest.com/uploads/documents/halbjahresbericht/HJB_1890_AIRC_BEST_OF_US_2024-03-31.pdf","c:\Projects\FundDatabase\Hansainvest\DE000A1W2BV7\HJB_1890_AIRC_BEST_OF_US_2024-03-31.pdf","24395309984d5edf1ccd10245d22f067","928845"
"DE000A1W2BT1","Verkaufsprospekt","01.01.2023","23.06.2024","https://fondswelt.hansainvest.com/uploads/documents/verkaufsprospekt/VKP_AIRC_BEST_OF_US_01_01_2023.pdf","c:\Projects\FundDatabase\Hansainvest\DE000A1W2BV7\VKP_AIRC_BEST_OF_US_01_01_2023.pdf","5dc961571383cd2161fd0a4dc8af8296","1311718"
"DE000A1W2BT1","Jahresbericht","30.09.2023","23.06.2024","https://fondswelt.hansainvest.com/uploads/documents/jahresbericht/Jahresbericht_1890_AIRC_BEST_OF_US_Bericht_2023-09-30.pdf","c:\Projects\FundDatabase\Hansainvest\DE000A1W2BV7\Jahresbericht_1890_AIRC_BEST_OF_US_Bericht_2023-09-30.pdf","9a7a3f563d616cde8e9c4f48d1a4e3a5","1629176"
"DE000A1W2BT1","Halbjahresbericht","31.03.2024","23.06.2024","https://fondswelt.hansainvest.com/uploads/documents/halbjahresbericht/HJB_1890_AIRC_BEST_OF_US_2024-03-31.pdf","c:\Projects\FundDatabase\Hansainvest\DE000A1W2BV7\HJB_1890_AIRC_BEST_OF_US_2024-03-31.pdf","24395309984d5edf1ccd10245d22f067","928845"
"DE000A2P3XG8","Verkaufsprospekt","01.04.2024","23.06.2024","https://fondswelt.hansainvest.com/uploads/documents/verkaufsprospekt/VKP_ALAP_01_04_2024.pdf","c:\Projects\FundDatabase\Hansainvest\DE000A2P3XG8\VKP_ALAP_01_04_2024.pdf","b168517ed0963a3b5efb0ecdade9956d","1303851"
"DE000A2P3XG8","Jahresbericht","30.06.2023","23.06.2024","https://fondswelt.hansainvest.com/uploads/documents/jahresbericht/Jahresbericht_1874_ALAP_Bericht_2023-06-30_Layout_PDF.pdf","c:\Projects\FundDatabase\Hansainvest\DE000A2P3XG8\Jahresbericht_1874_ALAP_Bericht_2023-06-30_Layout_PDF.pdf","cfb487742676e44ba8dc13946afdcba9","1464995"
"DE000A2P3XG8","Halbjahresbericht","31.12.2023","23.06.2024","https://fondswelt.hansainvest.com/uploads/documents/halbjahresbericht/HJB_1874_ALAP_Bericht_2023-12-31_Layout_PDF.pdf","c:\Projects\FundDatabase\Hansainvest\DE000A2P3XG8\HJB_1874_ALAP_Bericht_2023-12-31_Layout_PDF.pdf","6b7763c5c9130dcdfe16779d49a19fba","663105"
"DE000A2P3XH6","Verkaufsprospekt","01.04.2024","23.06.2024","https://fondswelt.hansainvest.com/uploads/documents/verkaufsprospekt/VKP_ALAP_01_04_2024.pdf","c:\Projects\FundDatabase\Hansainvest\DE000A2P3XG8\VKP_ALAP_01_04_2024.pdf","b168517ed0963a3b5efb0ecdade9956d","1303851"
"DE000A2P3XH6","Jahresbericht","30.06.2023","23.06.2024","https://fondswelt.hansainvest.com/uploads/documents/jahresbericht/Jahresbericht_1874_ALAP_Bericht_2023-06-30_Layout_PDF.pdf","c:\Projects\FundDatabase\Hansainvest\DE000A2P3XG8\Jahresbericht_1874_ALAP_Bericht_2023-06-30_Layout_PDF.pdf","cfb487742676e44ba8dc13946afdcba9","1464995"
"DE000A2P3XH6","Halbjahresbericht","31.12.2023","23.06.2024","https://fondswelt.hansainvest.com/uploads/documents/halbjahresbericht/HJB_1874_ALAP_Bericht_2023-12-31_Layout_PDF.pdf","c:\Projects\FundDatabase\Hansainvest\DE000A2P3XG8\HJB_1874_ALAP_Bericht_2023-12-31_Layout_PDF.pdf","6b7763c5c9130dcdfe16779d49a19fba","663105"
"DE000A0MYEE7","Verkaufsprospekt","01.07.2023","23.06.2024","https://fondswelt.hansainvest.com/uploads/documents/verkaufsprospekt/VKP_ALPHA_TOP_SELECT_01_07_2023.pdf","c:\Projects\FundDatabase\Hansainvest\DE000A0MYEE7\VKP_ALPHA_TOP_SELECT_01_07_2023.pdf","b921a0801ee8ad0323869c5cd042d09e","1314781"
"DE000A0MYEE7","Jahresbericht","31.12.2023","23.06.2024","https://fondswelt.hansainvest.com/uploads/documents/jahresbericht/JB_6082_ALPHA_TOP_SELECT_dynamic_Bericht_2023-12-31.pdf","c:\Projects\FundDatabase\Hansainvest\DE000A0MYEE7\JB_6082_ALPHA_TOP_SELECT_dynamic_Bericht_2023-12-31.pdf","d83af91c5742615aa9929be00d908d9c","1217923"
"DE000A0MYEE7","Halbjahresbericht","30.06.2023","23.06.2024","https://fondswelt.hansainvest.com/uploads/documents/halbjahresbericht/HJB_6082_ALPHA_TOP_SELECT_dynamic_Bericht_2023-06-30.pdf","c:\Projects\FundDatabase\Hansainvest\DE000A0MYEE7\HJB_6082_ALPHA_TOP_SELECT_dynamic_Bericht_2023-06-30.pdf","45b3512d9d2e5eac3fd7a1bc8c6205d5","641576"
"DE000ANTE1A3","Verkaufsprospekt","05.04.2024","23.06.2024","https://fondswelt.hansainvest.com/uploads/documents/verkaufsprospekt/VKP_antea_InvAG_05_04_2024.pdf","c:\Projects\FundDatabase\Hansainvest\DE000ANTE1A3\VKP_antea_InvAG_05_04_2024.pdf","36c1a1983c3a61b4ab1f221863fa3614","2398923"
"DE000ANTE1A3","Jahresbericht","30.06.2023","23.06.2024","https://fondswelt.hansainvest.com/uploads/documents/jahresbericht/JB-antea_06_2023.pdf","c:\Projects\FundDatabase\Hansainvest\DE000ANTE1A3\JB-antea_06_2023.pdf","d2edcc661be6b7f01d188082c960a68b","896330"
"DE000ANTE1A3","Halbjahresbericht","31.12.2023","23.06.2024","https://fondswelt.hansainvest.com/uploads/documents/halbjahresbericht/HJB-antea_12_2023.pdf","c:\Projects\FundDatabase\Hansainvest\DE000ANTE1A3\HJB-antea_12_2023.pdf","4300416528ebd94b2107913aab3362c0","282736"
"DE000ANTE1V9","Verkaufsprospekt","05.04.2024","23.06.2024","https://fondswelt.hansainvest.com/uploads/documents/verkaufsprospekt/VKP_antea_InvAG_05_04_2024.pdf","c:\Projects\FundDatabase\Hansainvest\DE000ANTE1A3\VKP_antea_InvAG_05_04_2024.pdf","36c1a1983c3a61b4ab1f221863fa3614","2398923"
"DE000ANTE1V9","Jahresbericht","30.06.2023","23.06.2024","https://fondswelt.hansainvest.com/uploads/documents/jahresbericht/JB-antea_06_2023.pdf","c:\Projects\FundDatabase\Hansainvest\DE000ANTE1A3\JB-antea_06_2023.pdf","d2edcc661be6b7f01d188082c960a68b","896330"
"DE000ANTE1V9","Halbjahresbericht","31.12.2023","23.06.2024","https://fondswelt.hansainvest.com/uploads/documents/halbjahresbericht/HJB-antea_12_2023.pdf","c:\Projects\FundDatabase\Hansainvest\DE000ANTE1A3\HJB-antea_12_2023.pdf","4300416528ebd94b2107913aab3362c0","282736"
"DE000ANTE4U5","Verkaufsprospekt","05.04.2024","23.06.2024","https://fondswelt.hansainvest.com/uploads/documents/verkaufsprospekt/VKP_antea_InvAG_05_04_2024.pdf","c:\Projects\FundDatabase\Hansainvest\DE000ANTE1A3\VKP_antea_InvAG_05_04_2024.pdf","36c1a1983c3a61b4ab1f221863fa3614","2398923"
"DE000ANTE4U5","Jahresbericht","30.06.2023","23.06.2024","https://fondswelt.hansainvest.com/uploads/documents/jahresbericht/JB-antea_06_2023.pdf","c:\Projects\FundDatabase\Hansainvest\DE000ANTE1A3\JB-antea_06_2023.pdf","d2edcc661be6b7f01d188082c960a68b","896330"
"DE000ANTE4U5","Halbjahresbericht","31.12.2023","23.06.2024","https://fondswelt.hansainvest.com/uploads/documents/halbjahresbericht/HJB-antea_Einkommen_Global_12_2023.pdf","c:\Projects\FundDatabase\Hansainvest\DE000ANTE4U5\HJB-antea_Einkommen_Global_12_2023.pdf","a2f4f8db3be0ec55917003fec15d28eb","122199"
"DE000ANTE026","Verkaufsprospekt","05.04.2024","23.06.2024","https://fondswelt.hansainvest.com/uploads/documents/verkaufsprospekt/VKP_antea_InvAG_05_04_2024.pdf","c:\Projects\FundDatabase\Hansainvest\DE000ANTE1A3\VKP_antea_InvAG_05_04_2024.pdf","36c1a1983c3a61b4ab1f221863fa3614","2398923"
"DE000ANTE026","Jahresbericht","30.06.2023","23.06.2024","https://fondswelt.hansainvest.com/uploads/documents/jahresbericht/JB-antea_06_2023.pdf","c:\Projects\FundDatabase\Hansainvest\DE000ANTE1A3\JB-antea_06_2023.pdf","d2edcc661be6b7f01d188082c960a68b","896330"
"DE000ANTE026","Halbjahresbericht","31.12.2023","23.06.2024","https://fondswelt.hansainvest.com/uploads/documents/halbjahresbericht/HJB-antea_Strategie_II_12_2023.pdf","c:\Projects\FundDatabase\Hansainvest\DE000ANTE026\HJB-antea_Strategie_II_12_2023.pdf","09d979f1a538970a31e0e57625433104","158414"
"DE000A14UWW2","Verkaufsprospekt","01.04.2024","23.06.2024","https://fondswelt.hansainvest.com/uploads/documents/verkaufsprospekt/VKP_apano_Global_Systematik_01_04_2024.pdf","c:\Projects\FundDatabase\Hansainvest\DE000A14UWW2\VKP_apano_Global_Systematik_01_04_2024.pdf","d546bd8bcab7e52cf86361b88e0ec4f4","1227641"
"DE000A14UWW2","Jahresbericht","31.12.2023","23.06.2024","https://fondswelt.hansainvest.com/uploads/documents/jahresbericht/6172_JB_apano_Global_Systematik_Bericht.pdf","c:\Projects\FundDatabase\Hansainvest\DE000A14UWW2\6172_JB_apano_Global_Systematik_Bericht.pdf","b95fad28c54d025cb43856901bbabbcb","1535992"
"DE000A14UWW2","Halbjahresbericht","30.06.2023","23.06.2024","https://fondswelt.hansainvest.com/uploads/documents/halbjahresbericht/HJB_6172_apano_Global_Systematik_Bericht_2023-06-30_Layout_PDF.pdf","c:\Projects\FundDatabase\Hansainvest\DE000A14UWW2\HJB_6172_apano_Global_Systematik_Bericht_2023-06-30_Layout_PDF.pdf","9f4a33fc1f8bff1a033cb466e70676ea","864959"
"DE000A1J9E96","Verkaufsprospekt","01.04.2024","23.06.2024","https://fondswelt.hansainvest.com/uploads/documents/verkaufsprospekt/VKP_apano_HI_strategie_01_04_2024.pdf","c:\Projects\FundDatabase\Hansainvest\DE000A1J9E96\VKP_apano_HI_strategie_01_04_2024.pdf","51c039a011dfd5ec703df7764e09b1b2","1206351"
"DE000A1J9E96","Jahresbericht","30.11.2023","23.06.2024","https://fondswelt.hansainvest.com/uploads/documents/jahresbericht/JB_6108_apano_HI_Strategie_1_2023-11-30.pdf","c:\Projects\FundDatabase\Hansainvest\DE000A1J9E96\JB_6108_apano_HI_Strategie_1_2023-11-30.pdf","515f0b47b8c91e5aacb2e82fffe9d640","1453492"
"DE000A1J9E96","Halbjahresbericht","31.05.2023","23.06.2024","https://fondswelt.hansainvest.com/uploads/documents/halbjahresbericht/HJB_6108_apano_HI_Strategie_1_Bericht_2023-05-31.pdf","c:\Projects\FundDatabase\Hansainvest\DE000A1J9E96\HJB_6108_apano_HI_Strategie_1_Bericht_2023-05-31.pdf","9e51e65375923fd2b71efa8ed82e5a89","766532"
"DE000A2ATCY0","Verkaufsprospekt","05.06.2024","23.06.2024","https://fondswelt.hansainvest.com/uploads/documents/verkaufsprospekt/VKP_Apo_Daenische_Pfandbriefe_05_06_2024.pdf","c:\Projects\FundDatabase\Hansainvest\DE000A2ATCY0\VKP_Apo_Daenische_Pfandbriefe_05_06_2024.pdf","35ca4902abd0885c0615f9b9015699e5","1053398"
"DE000A2AQYV6","Verkaufsprospekt","01.06.2024","23.06.2024","https://fondswelt.hansainvest.com/uploads/documents/verkaufsprospekt/VKP_apo_Digital_Health_Aktien_Fonds_01_06_2024.pdf","c:\Projects\FundDatabase\Hansainvest\DE000A2AQYV6\VKP_apo_Digital_Health_Aktien_Fonds_01_06_2024.pdf","fff24524f2b3a676bf550c94ca13e06f","1369050"
"DE000A3CSZE9","Verkaufsprospekt","01.06.2024","23.06.2024","https://fondswelt.hansainvest.com/uploads/documents/verkaufsprospekt/VKP_apo_Digital_Health_Aktien_Fonds_01_06_2024.pdf","c:\Projects\FundDatabase\Hansainvest\DE000A2AQYV6\VKP_apo_Digital_Health_Aktien_Fonds_01_06_2024.pdf","fff24524f2b3a676bf550c94ca13e06f","1369050"
"DE000A2AQYW4","Verkaufsprospekt","01.06.2024","23.06.2024","https://fondswelt.hansainvest.com/uploads/documents/verkaufsprospekt/VKP_apo_Digital_Health_Aktien_Fonds_01_06_2024.pdf","c:\Projects\FundDatabase\Hansainvest\DE000A2AQYV6\VKP_apo_Digital_Health_Aktien_Fonds_01_06_2024.pdf","fff24524f2b3a676bf550c94ca13e06f","1369050"
"DE0005324313","Verkaufsprospekt","15.05.2024","23.06.2024","https://fondswelt.hansainvest.com/uploads/documents/verkaufsprospekt/VKP_apo_Forte_15_05_2024.pdf","c:\Projects\FundDatabase\Hansainvest\DE0005324313\VKP_apo_Forte_15_05_2024.pdf","e528cebf99090af0aa5052c0c4ae56d0","1302908"
"DE000A2DP560","Verkaufsprospekt","15.05.2024","23.06.2024","https://fondswelt.hansainvest.com/uploads/documents/verkaufsprospekt/VKP_apo_Forte_15_05_2024.pdf","c:\Projects\FundDatabase\Hansainvest\DE0005324313\VKP_apo_Forte_15_05_2024.pdf","e528cebf99090af0aa5052c0c4ae56d0","1302908"
"DE000A0F4ZC4","Verkaufsprospekt","29.04.2024","23.06.2024","https://fondswelt.hansainvest.com/uploads/documents/verkaufsprospekt/VKP_APO_High_Yield_Spezial_29_04_2024.pdf","c:\Projects\FundDatabase\Hansainvest\DE000A0F4ZC4\VKP_APO_High_Yield_Spezial_29_04_2024.pdf","40599b98b11e36caafb48b2f6cbd6b3b","1010026"
"DE000A117YH7","Verkaufsprospekt","23.05.2024","23.06.2024","https://fondswelt.hansainvest.com/uploads/documents/verkaufsprospekt/VKP_apo_Medical_Balance_23_05_2024.pdf","c:\Projects\FundDatabase\Hansainvest\DE000A117YH7\VKP_apo_Medical_Balance_23_05_2024.pdf","7231ce7aba4e66ca6ba33815c349919d","1331296"
"DE000A117YJ3","Verkaufsprospekt","23.05.2024","23.06.2024","https://fondswelt.hansainvest.com/uploads/documents/verkaufsprospekt/VKP_apo_Medical_Balance_23_05_2024.pdf","c:\Projects\FundDatabase\Hansainvest\DE000A117YH7\VKP_apo_Medical_Balance_23_05_2024.pdf","7231ce7aba4e66ca6ba33815c349919d","1331296"
"DE000A117YF1","Verkaufsprospekt","17.06.2024","23.06.2024","https://fondswelt.hansainvest.com/uploads/documents/verkaufsprospekt/VKP_apo_Medical_Core_17_06_2024.pdf","c:\Projects\FundDatabase\Hansainvest\DE000A117YF1\VKP_apo_Medical_Core_17_06_2024.pdf","fe21fe4bc12c1ef4cb3dc35d3df294b2","1400815"
"DE000A3ETBT2","Verkaufsprospekt","17.06.2024","23.06.2024","https://fondswelt.hansainvest.com/uploads/documents/verkaufsprospekt/VKP_apo_Medical_Core_17_06_2024.pdf","c:\Projects\FundDatabase\Hansainvest\DE000A117YF1\VKP_apo_Medical_Core_17_06_2024.pdf","fe21fe4bc12c1ef4cb3dc35d3df294b2","1400815"
"DE0005324305","Verkaufsprospekt","01.05.2024","23.06.2024","https://fondswelt.hansainvest.com/uploads/documents/verkaufsprospekt/VKP_apo_Mezzo_01_05_2024.pdf","c:\Projects\FundDatabase\Hansainvest\DE0005324305\VKP_apo_Mezzo_01_05_2024.pdf","c37e9f0af6819dd886c07168c1095b6b","1303374"
"DE000A2DP552","Verkaufsprospekt","01.05.2024","23.06.2024","https://fondswelt.hansainvest.com/uploads/documents/verkaufsprospekt/VKP_apo_Mezzo_01_05_2024.pdf","c:\Projects\FundDatabase\Hansainvest\DE0005324305\VKP_apo_Mezzo_01_05_2024.pdf","c37e9f0af6819dd886c07168c1095b6b","1303374"
"DE0005324297","Verkaufsprospekt","01.05.2024","23.06.2024","https://fondswelt.hansainvest.com/uploads/documents/verkaufsprospekt/VKP_apo_Piano_01_05_2024.pdf","c:\Projects\FundDatabase\Hansainvest\DE0005324297\VKP_apo_Piano_01_05_2024.pdf","1477247400f20236c2a219e7309d89e8","1348264"
"DE000A2DP545","Verkaufsprospekt","01.05.2024","23.06.2024","https://fondswelt.hansainvest.com/uploads/documents/verkaufsprospekt/VKP_apo_Piano_01_05_2024.pdf","c:\Projects\FundDatabase\Hansainvest\DE0005324297\VKP_apo_Piano_01_05_2024.pdf","1477247400f20236c2a219e7309d89e8","1348264"
"DE000A1W9AD2","Verkaufsprospekt","01.06.2024","23.06.2024","https://fondswelt.hansainvest.com/uploads/documents/verkaufsprospekt/VKP_apo_TopSelect_Balance_01_06_2024.pdf","c:\Projects\FundDatabase\Hansainvest\DE000A1W9AD2\VKP_apo_TopSelect_Balance_01_06_2024.pdf","173c5464e3dbeefdb27b19aee22766db","1306537"
"DE000A1W9AC4","Verkaufsprospekt","01.06.2024","23.06.2024","https://fondswelt.hansainvest.com/uploads/documents/verkaufsprospekt/VKP_apo_TopSelect_Stabilitaet_01_06_2024.pdf","c:\Projects\FundDatabase\Hansainvest\DE000A1W9AC4\VKP_apo_TopSelect_Stabilitaet_01_06_2024.pdf","3efb3b88091f906b54673adcb5962a8a","1302663"
"DE000A1W9AE0","Verkaufsprospekt","01.06.2024","23.06.2024","https://fondswelt.hansainvest.com/uploads/documents/verkaufsprospekt/VKP_apo_TopSelect_Wachstum_01_06_2024.pdf","c:\Projects\FundDatabase\Hansainvest\DE000A1W9AE0\VKP_apo_TopSelect_Wachstum_01_06_2024.pdf","b73f2c41f7041ecf34b620251f4e58af","1308699"
"DE000A0M2BQ0","Verkaufsprospekt","23.05.2024","23.06.2024","https://fondswelt.hansainvest.com/uploads/documents/verkaufsprospekt/VKP_apo_Vivace_Megatrends_23_05_2024.pdf","c:\Projects\FundDatabase\Hansainvest\DE000A0M2BQ0\VKP_apo_Vivace_Megatrends_23_05_2024.pdf","6d6237f01f8ece7dbd83724129ea1755","1429074"
"DE000A2DP578","Verkaufsprospekt","23.05.2024","23.06.2024","https://fondswelt.hansainvest.com/uploads/documents/verkaufsprospekt/VKP_apo_Vivace_Megatrends_23_05_2024.pdf","c:\Projects\FundDatabase\Hansainvest\DE000A0M2BQ0\VKP_apo_Vivace_Megatrends_23_05_2024.pdf","6d6237f01f8ece7dbd83724129ea1755","1429074"
"DE000A2DTLQ1","Verkaufsprospekt","31.08.2023","23.06.2024","https://fondswelt.hansainvest.com/uploads/documents/verkaufsprospekt/VKP_Apus_Capital_Marathon_Fonds_31_08_2023.pdf","c:\Projects\FundDatabase\Hansainvest\DE000A2DTLQ1\VKP_Apus_Capital_Marathon_Fonds_31_08_2023.pdf","d9fb9fa4ec7b8077dfc6d3762e4736f9","1404573"
"DE000A2DTLQ1","Jahresbericht","31.07.2023","23.06.2024","https://fondswelt.hansainvest.com/uploads/documents/jahresbericht/JB_1042_Apus_Capital_Marathon_Fonds_2023-07-31.pdf","c:\Projects\FundDatabase\Hansainvest\DE000A2DTLQ1\JB_1042_Apus_Capital_Marathon_Fonds_2023-07-31.pdf","1f97a52726ccf716e0dd89de3e2fa97f","2509512"
"DE000A2DTLQ1","Halbjahresbericht","31.01.2024","23.06.2024","https://fondswelt.hansainvest.com/uploads/documents/halbjahresbericht/HJB_1042_Apus_Capital_Marathon_Fonds_Bericht_2024-01-3.pdf","c:\Projects\FundDatabase\Hansainvest\DE000A2DTLQ1\HJB_1042_Apus_Capital_Marathon_Fonds_Bericht_2024-01-3.pdf","d0deb9a9fda98dbd8bf1823a51ae6646","837231"
"DE000A2DR1W1","Verkaufsprospekt","31.08.2023","23.06.2024","https://fondswelt.hansainvest.com/uploads/documents/verkaufsprospekt/VKP_Apus_Capital_Marathon_Fonds_31_08_2023.pdf","c:\Projects\FundDatabase\Hansainvest\DE000A2DTLQ1\VKP_Apus_Capital_Marathon_Fonds_31_08_2023.pdf","d9fb9fa4ec7b8077dfc6d3762e4736f9","1404573"
"DE000A2DR1W1","Jahresbericht","31.07.2023","23.06.2024","https://fondswelt.hansainvest.com/uploads/documents/jahresbericht/JB_1042_Apus_Capital_Marathon_Fonds_2023-07-31.pdf","c:\Projects\FundDatabase\Hansainvest\DE000A2DTLQ1\JB_1042_Apus_Capital_Marathon_Fonds_2023-07-31.pdf","1f97a52726ccf716e0dd89de3e2fa97f","2509512"
"DE000A2DR1W1","Halbjahresbericht","31.01.2024","23.06.2024","https://fondswelt.hansainvest.com/uploads/documents/halbjahresbericht/HJB_1042_Apus_Capital_Marathon_Fonds_Bericht_2024-01-3.pdf","c:\Projects\FundDatabase\Hansainvest\DE000A2DTLQ1\HJB_1042_Apus_Capital_Marathon_Fonds_Bericht_2024-01-3.pdf","d0deb9a9fda98dbd8bf1823a51ae6646","837231"
"DE000A2DHTX5","Verkaufsprospekt","01.01.2023","23.06.2024","https://fondswelt.hansainvest.com/uploads/documents/verkaufsprospekt/VKP_Apus_Capital_Revalue_01_01_2023.pdf","c:\Projects\FundDatabase\Hansainvest\DE000A2DHTX5\VKP_Apus_Capital_Revalue_01_01_2023.pdf","ba55499c5dffe58ed05dcc455ce57ad6","1296736"
"DE000A2DHTX5","Jahresbericht","31.07.2023","23.06.2024","https://fondswelt.hansainvest.com/uploads/documents/jahresbericht/JB_6060_Apus_Capital_Revalue_Fonds_Bericht_2023-07-31_Layout_PDF.pdf","c:\Projects\FundDatabase\Hansainvest\DE000A2DHTX5\JB_6060_Apus_Capital_Revalue_Fonds_Bericht_2023-07-31_Layout_PDF.pdf","2e79e8902ad7385dd6fcd8ccd4c5fb65","1770614"
"DE000A2DHTX5","Halbjahresbericht","31.01.2024","23.06.2024","https://fondswelt.hansainvest.com/uploads/documents/halbjahresbericht/HJB_6060_Apus_Capital_Revalue_Fonds_Bericht_2024-01-31.pdf","c:\Projects\FundDatabase\Hansainvest\DE000A2DHTX5\HJB_6060_Apus_Capital_Revalue_Fonds_Bericht_2024-01-31.pdf","c4c3521af961e04cfa0479f46c37d3b1","946102"
"DE000A1H44E3","Verkaufsprospekt","01.01.2023","23.06.2024","https://fondswelt.hansainvest.com/uploads/documents/verkaufsprospekt/VKP_Apus_Capital_Revalue_01_01_2023.pdf","c:\Projects\FundDatabase\Hansainvest\DE000A2DHTX5\VKP_Apus_Capital_Revalue_01_01_2023.pdf","ba55499c5dffe58ed05dcc455ce57ad6","1296736"
"DE000A1H44E3","Jahresbericht","31.07.2023","23.06.2024","https://fondswelt.hansainvest.com/uploads/documents/jahresbericht/JB_6060_Apus_Capital_Revalue_Fonds_Bericht_2023-07-31_Layout_PDF.pdf","c:\Projects\FundDatabase\Hansainvest\DE000A2DHTX5\JB_6060_Apus_Capital_Revalue_Fonds_Bericht_2023-07-31_Layout_PDF.pdf","2e79e8902ad7385dd6fcd8ccd4c5fb65","1770614"
"DE000A1H44E3","Halbjahresbericht","31.01.2024","23.06.2024","https://fondswelt.hansainvest.com/uploads/documents/halbjahresbericht/HJB_6060_Apus_Capital_Revalue_Fonds_Bericht_2024-01-31.pdf","c:\Projects\FundDatabase\Hansainvest\DE000A2DHTX5\HJB_6060_Apus_Capital_Revalue_Fonds_Bericht_2024-01-31.pdf","c4c3521af961e04cfa0479f46c37d3b1","946102"
"DE000A2PRZY3","Verkaufsprospekt","01.01.2023","23.06.2024","https://fondswelt.hansainvest.com/uploads/documents/verkaufsprospekt/VKP_Aramea_Aktien_Select_01_01_2023.pdf","c:\Projects\FundDatabase\Hansainvest\DE000A2PRZY3\VKP_Aramea_Aktien_Select_01_01_2023.pdf","2ff6c4051ab83a92c659fcd03be6f8b0","1246847"
"DE000A2PRZY3","Jahresbericht","31.07.2023","23.06.2024","https://fondswelt.hansainvest.com/uploads/documents/jahresbericht/JB_6037_Aramea_Aktien_Select_2023-07-31.pdf","c:\Projects\FundDatabase\Hansainvest\DE000A2PRZY3\JB_6037_Aramea_Aktien_Select_2023-07-31.pdf","1689339f8a9908fe863d0563418787f6","2002183"
"DE000A2PRZY3","Halbjahresbericht","31.01.2024","23.06.2024","https://fondswelt.hansainvest.com/uploads/documents/halbjahresbericht/HJB_6037_Aramea_Aktien_Select_Bericht_2024-01-31.pdf","c:\Projects\FundDatabase\Hansainvest\DE000A2PRZY3\HJB_6037_Aramea_Aktien_Select_Bericht_2024-01-31.pdf","1829d26a5ad879caf3b03b962c05ebb9","988663"
"DE000A0YJME6","Verkaufsprospekt","01.01.2023","23.06.2024","https://fondswelt.hansainvest.com/uploads/documents/verkaufsprospekt/VKP_Aramea_Aktien_Select_01_01_2023.pdf","c:\Projects\FundDatabase\Hansainvest\DE000A2PRZY3\VKP_Aramea_Aktien_Select_01_01_2023.pdf","2ff6c4051ab83a92c659fcd03be6f8b0","1246847"
"DE000A0YJME6","Jahresbericht","31.07.2023","23.06.2024","https://fondswelt.hansainvest.com/uploads/documents/jahresbericht/JB_6037_Aramea_Aktien_Select_2023-07-31.pdf","c:\Projects\FundDatabase\Hansainvest\DE000A2PRZY3\JB_6037_Aramea_Aktien_Select_2023-07-31.pdf","1689339f8a9908fe863d0563418787f6","2002183"
"DE000A0YJME6","Halbjahresbericht","31.01.2024","23.06.2024","https://fondswelt.hansainvest.com/uploads/documents/halbjahresbericht/HJB_6037_Aramea_Aktien_Select_Bericht_2024-01-31.pdf","c:\Projects\FundDatabase\Hansainvest\DE000A2PRZY3\HJB_6037_Aramea_Aktien_Select_Bericht_2024-01-31.pdf","1829d26a5ad879caf3b03b962c05ebb9","988663"
"DE000A0M2JF6","Verkaufsprospekt","21.12.2023","23.06.2024","https://fondswelt.hansainvest.com/uploads/documents/verkaufsprospekt/VKP_Aramea_Balanced_Convertible_21_12_2023.pdf","c:\Projects\FundDatabase\Hansainvest\DE000A0M2JF6\VKP_Aramea_Balanced_Convertible_21_12_2023.pdf","cd483e52d8cd0d66af2b0801efa5f33c","1229149"
"DE000A0M2JF6","Jahresbericht","31.07.2023","23.06.2024","https://fondswelt.hansainvest.com/uploads/documents/jahresbericht/JB_2078_Aramea_Balanced_Convertible_2023-07-31.pdf","c:\Projects\FundDatabase\Hansainvest\DE000A0M2JF6\JB_2078_Aramea_Balanced_Convertible_2023-07-31.pdf","0484a429c9faad9fd7f01f1ae020aea6","1852858"
"DE000A0M2JF6","Halbjahresbericht","31.01.2024","23.06.2024","https://fondswelt.hansainvest.com/uploads/documents/halbjahresbericht/HJB_2078_Aramea_Balanced_Convertible_Bericht.pdf","c:\Projects\FundDatabase\Hansainvest\DE000A0M2JF6\HJB_2078_Aramea_Balanced_Convertible_Bericht.pdf","ef96973456537a7f9701d3b1968f0355","925207"
"DE000A2AQ929","Verkaufsprospekt","21.12.2023","23.06.2024","https://fondswelt.hansainvest.com/uploads/documents/verkaufsprospekt/VKP_Aramea_Balanced_Convertible_21_12_2023.pdf","c:\Projects\FundDatabase\Hansainvest\DE000A0M2JF6\VKP_Aramea_Balanced_Convertible_21_12_2023.pdf","cd483e52d8cd0d66af2b0801efa5f33c","1229149"
"DE000A2AQ929","Jahresbericht","31.07.2023","23.06.2024","https://fondswelt.hansainvest.com/uploads/documents/jahresbericht/JB_2078_Aramea_Balanced_Convertible_2023-07-31.pdf","c:\Projects\FundDatabase\Hansainvest\DE000A0M2JF6\JB_2078_Aramea_Balanced_Convertible_2023-07-31.pdf","0484a429c9faad9fd7f01f1ae020aea6","1852858"
"DE000A2AQ929","Halbjahresbericht","31.01.2024","23.06.2024","https://fondswelt.hansainvest.com/uploads/documents/halbjahresbericht/HJB_2078_Aramea_Balanced_Convertible_Bericht.pdf","c:\Projects\FundDatabase\Hansainvest\DE000A0M2JF6\HJB_2078_Aramea_Balanced_Convertible_Bericht.pdf","ef96973456537a7f9701d3b1968f0355","925207"
"DE000A14UWX0","Verkaufsprospekt","31.08.2023","23.06.2024","https://fondswelt.hansainvest.com/uploads/documents/verkaufsprospekt/VKP_Aramea_Global_Convertible_31_08_2023.pdf","c:\Projects\FundDatabase\Hansainvest\DE000A14UWX0\VKP_Aramea_Global_Convertible_31_08_2023.pdf","2f4b7dd757b995c8cd140c26118eed30","1441148"
"DE000A14UWX0","Jahresbericht","31.07.2023","23.06.2024","https://fondswelt.hansainvest.com/uploads/documents/jahresbericht/JB_6173_Aramea_Global_Convertible_2023-07-31.pdf","c:\Projects\FundDatabase\Hansainvest\DE000A14UWX0\JB_6173_Aramea_Global_Convertible_2023-07-31.pdf","2dcda4a877e71c37dbbff746a7e27561","3073122"
"DE000A14UWX0","Halbjahresbericht","31.01.2024","23.06.2024","https://fondswelt.hansainvest.com/uploads/documents/halbjahresbericht/HJB_6173_Aramea_Global_Convertible_Bericht_2024-01-31.pdf","c:\Projects\FundDatabase\Hansainvest\DE000A14UWX0\HJB_6173_Aramea_Global_Convertible_Bericht_2024-01-31.pdf","dcac7986d7ecf13d1c0f0415b60ed8a2","1111117"
"DE000A141V76","Verkaufsprospekt","31.08.2023","23.06.2024","https://fondswelt.hansainvest.com/uploads/documents/verkaufsprospekt/VKP_Aramea_Global_Convertible_31_08_2023.pdf","c:\Projects\FundDatabase\Hansainvest\DE000A14UWX0\VKP_Aramea_Global_Convertible_31_08_2023.pdf","2f4b7dd757b995c8cd140c26118eed30","1441148"
"DE000A141V76","Jahresbericht","31.07.2023","23.06.2024","https://fondswelt.hansainvest.com/uploads/documents/jahresbericht/JB_6173_Aramea_Global_Convertible_2023-07-31.pdf","c:\Projects\FundDatabase\Hansainvest\DE000A14UWX0\JB_6173_Aramea_Global_Convertible_2023-07-31.pdf","2dcda4a877e71c37dbbff746a7e27561","3073122"
"DE000A141V76","Halbjahresbericht","31.01.2024","23.06.2024","https://fondswelt.hansainvest.com/uploads/documents/halbjahresbericht/HJB_6173_Aramea_Global_Convertible_Bericht_2024-01-31.pdf","c:\Projects\FundDatabase\Hansainvest\DE000A14UWX0\HJB_6173_Aramea_Global_Convertible_Bericht_2024-01-31.pdf","dcac7986d7ecf13d1c0f0415b60ed8a2","1111117"
"DE0009792283","Verkaufsprospekt","01.01.2023","23.06.2024","https://fondswelt.hansainvest.com/uploads/documents/verkaufsprospekt/VKP_Aramea_Hippokrat_01_01_2023.pdf","c:\Projects\FundDatabase\Hansainvest\DE0009792283\VKP_Aramea_Hippokrat_01_01_2023.pdf","3a483857c3ab1e0adf6a6807f968e7f3","1209740"
"DE0009792283","Jahresbericht","31.08.2023","23.06.2024","https://fondswelt.hansainvest.com/uploads/documents/jahresbericht/JB_6093_Aramea_Hippokrat_Bericht_2023-08-31_Layout_PDF.pdf","c:\Projects\FundDatabase\Hansainvest\DE0009792283\JB_6093_Aramea_Hippokrat_Bericht_2023-08-31_Layout_PDF.pdf","0f39ed4e4c13d950a09eaaba0a37932c","2393452"
"DE0009792283","Halbjahresbericht","29.02.2024","23.06.2024","https://fondswelt.hansainvest.com/uploads/documents/halbjahresbericht/HJB_6093_Aramea_Hippokrat_Bericht.pdf","c:\Projects\FundDatabase\Hansainvest\DE0009792283\HJB_6093_Aramea_Hippokrat_Bericht.pdf","211563db741f757ba979b9764777ee69","1518523"
"DE000A3DV7H2","Verkaufsprospekt","27.07.2023","23.06.2024","https://fondswelt.hansainvest.com/uploads/documents/verkaufsprospekt/VKP_Aramea_Laufzeitenfonds_04_2028__27_07_2023.pdf","c:\Projects\FundDatabase\Hansainvest\DE000A3DV7H2\VKP_Aramea_Laufzeitenfonds_04_2028__27_07_2023.pdf","523d6a750432baf7834d40ba1a90aead","1039223"
"DE000A3DV7H2","Jahresbericht","31.10.2023","23.06.2024","https://fondswelt.hansainvest.com/uploads/documents/jahresbericht/JB_1984_Aramea_Laufzeitenfonds_04-2028_2023-10-31.pdf","c:\Projects\FundDatabase\Hansainvest\DE000A3DV7H2\JB_1984_Aramea_Laufzeitenfonds_04-2028_2023-10-31.pdf","c0a4a50f1e0b0599b72a1696913c45a9","1198072"
"DE000A3DV7H2","Halbjahresbericht","30.04.2023","23.06.2024","https://fondswelt.hansainvest.com/uploads/documents/halbjahresbericht/HJB_1984_Aramea_Laufzeitenfonds_04-2028_2023-04-30.pdf","c:\Projects\FundDatabase\Hansainvest\DE000A3DV7H2\HJB_1984_Aramea_Laufzeitenfonds_04-2028_2023-04-30.pdf","878c55a78c4c422b383f7f6227acde10","695283"
"DE000A3ETBK1","Verkaufsprospekt","03.06.2024","23.06.2024","https://fondswelt.hansainvest.com/uploads/documents/verkaufsprospekt/VKP_Aramea_Laufzeitenfonds_06_2027__03_06_2024.pdf","c:\Projects\FundDatabase\Hansainvest\DE000A3ETBK1\VKP_Aramea_Laufzeitenfonds_06_2027__03_06_2024.pdf","761ca64f0263716d475062e2da41c861","1070595"
"DE000A3DV7Z4","Verkaufsprospekt","26.02.2024","23.06.2024","https://fondswelt.hansainvest.com/uploads/documents/verkaufsprospekt/VKP_Aramea_Laufzeitenfonds_08_2026__26_02_2024.pdf","c:\Projects\FundDatabase\Hansainvest\DE000A3DV7Z4\VKP_Aramea_Laufzeitenfonds_08_2026__26_02_2024.pdf","8bac3406d599a731318a847b5bbb39b6","1043440"
"DE000A3DV7Z4","Halbjahresbericht","29.02.2024","23.06.2024","https://fondswelt.hansainvest.com/uploads/documents/halbjahresbericht/HJB_1998_Aramea_Laufzeitenfonds_08-2026_Bericht.pdf","c:\Projects\FundDatabase\Hansainvest\DE000A3DV7Z4\HJB_1998_Aramea_Laufzeitenfonds_08-2026_Bericht.pdf","4c4d6be63a88df422d890114500cc4c2","1035290"
"DE000A3C55B2","Verkaufsprospekt","01.01.2023","23.06.2024","https://fondswelt.hansainvest.com/uploads/documents/verkaufsprospekt/VKP_ARAMEA_METAWORLD_01_01_2023.pdf","c:\Projects\FundDatabase\Hansainvest\DE000A3C55B2\VKP_ARAMEA_METAWORLD_01_01_2023.pdf","f62c565acbbaa8133f6846a8efa02c66","1010344"
"DE000A3C55B2","Jahresbericht","31.03.2023","23.06.2024","https://fondswelt.hansainvest.com/uploads/documents/jahresbericht/Jahresbericht_1947_ARAMEA_METAWORLD_Bericht_2023-03-31_Layout_PDF_10.pdf","c:\Projects\FundDatabase\Hansainvest\DE000A3C55B2\Jahresbericht_1947_ARAMEA_METAWORLD_Bericht_2023-03-31_Layout_PDF_10.pdf","5d53062051a230678f01ae29ba6b8b91","1307030"
"DE000A3C55B2","Halbjahresbericht","30.09.2023","23.06.2024","https://fondswelt.hansainvest.com/uploads/documents/halbjahresbericht/HJB_1947_ARAMEA_METAWORLD_Bericht_2023-09-30_Layout_PDF.pdf","c:\Projects\FundDatabase\Hansainvest\DE000A3C55B2\HJB_1947_ARAMEA_METAWORLD_Bericht_2023-09-30_Layout_PDF.pdf","70dbc102e2a5102ebdf338efecee81f2","667836"
"DE000A3DCAS4","Verkaufsprospekt","01.01.2023","23.06.2024","https://fondswelt.hansainvest.com/uploads/documents/verkaufsprospekt/VKP_ARAMEA_METAWORLD_01_01_2023.pdf","c:\Projects\FundDatabase\Hansainvest\DE000A3C55B2\VKP_ARAMEA_METAWORLD_01_01_2023.pdf","f62c565acbbaa8133f6846a8efa02c66","1010344"
"DE000A3DCAS4","Jahresbericht","31.03.2023","23.06.2024","https://fondswelt.hansainvest.com/uploads/documents/jahresbericht/Jahresbericht_1947_ARAMEA_METAWORLD_Bericht_2023-03-31_Layout_PDF_10.pdf","c:\Projects\FundDatabase\Hansainvest\DE000A3C55B2\Jahresbericht_1947_ARAMEA_METAWORLD_Bericht_2023-03-31_Layout_PDF_10.pdf","5d53062051a230678f01ae29ba6b8b91","1307030"
"DE000A3DCAS4","Halbjahresbericht","30.09.2023","23.06.2024","https://fondswelt.hansainvest.com/uploads/documents/halbjahresbericht/HJB_1947_ARAMEA_METAWORLD_Bericht_2023-09-30_Layout_PDF.pdf","c:\Projects\FundDatabase\Hansainvest\DE000A3C55B2\HJB_1947_ARAMEA_METAWORLD_Bericht_2023-09-30_Layout_PDF.pdf","70dbc102e2a5102ebdf338efecee81f2","667836"
"DE000A3CNGA8","Verkaufsprospekt","31.08.2023","23.06.2024","https://fondswelt.hansainvest.com/uploads/documents/verkaufsprospekt/VKP_Aramea_Rendite_Global_Nachhaltig_31_08_2023.pdf","c:\Projects\FundDatabase\Hansainvest\DE000A3CNGA8\VKP_Aramea_Rendite_Global_Nachhaltig_31_08_2023.pdf","823ec4aea2cb0a7e561ebca90eeaafe3","1464067"
"DE000A3CNGA8","Jahresbericht","31.08.2023","23.06.2024","https://fondswelt.hansainvest.com/uploads/documents/jahresbericht/JB_1927_Aramea_Rendite_Global_Nachhaltig_Bericht_2023-08-31_Layout_PDF.pdf","c:\Projects\FundDatabase\Hansainvest\DE000A3CNGA8\JB_1927_Aramea_Rendite_Global_Nachhaltig_Bericht_2023-08-31_Layout_PDF.pdf","7bb5dfd1ad4feb2e85f936decccac870","3415310"
"DE000A3CNGA8","Halbjahresbericht","29.02.2024","23.06.2024","https://fondswelt.hansainvest.com/uploads/documents/halbjahresbericht/HJB_1927_Aramea_Rendite_Global_Nachhaltig_Bericht.pdf","c:\Projects\FundDatabase\Hansainvest\DE000A3CNGA8\HJB_1927_Aramea_Rendite_Global_Nachhaltig_Bericht.pdf","02b08d1d7000e54f9631bdf8e779c2e3","1380802"
"DE000A3CNGB6","Verkaufsprospekt","31.08.2023","23.06.2024","https://fondswelt.hansainvest.com/uploads/documents/verkaufsprospekt/VKP_Aramea_Rendite_Global_Nachhaltig_31_08_2023.pdf","c:\Projects\FundDatabase\Hansainvest\DE000A3CNGA8\VKP_Aramea_Rendite_Global_Nachhaltig_31_08_2023.pdf","823ec4aea2cb0a7e561ebca90eeaafe3","1464067"
"DE000A3CNGB6","Jahresbericht","31.08.2023","23.06.2024","https://fondswelt.hansainvest.com/uploads/documents/jahresbericht/JB_1927_Aramea_Rendite_Global_Nachhaltig_Bericht_2023-08-31_Layout_PDF.pdf","c:\Projects\FundDatabase\Hansainvest\DE000A3CNGA8\JB_1927_Aramea_Rendite_Global_Nachhaltig_Bericht_2023-08-31_Layout_PDF.pdf","7bb5dfd1ad4feb2e85f936decccac870","3415310"
"DE000A3CNGB6","Halbjahresbericht","29.02.2024","23.06.2024","https://fondswelt.hansainvest.com/uploads/documents/halbjahresbericht/HJB_1927_Aramea_Rendite_Global_Nachhaltig_Bericht.pdf","c:\Projects\FundDatabase\Hansainvest\DE000A3CNGA8\HJB_1927_Aramea_Rendite_Global_Nachhaltig_Bericht.pdf","02b08d1d7000e54f9631bdf8e779c2e3","1380802"
"DE000A3CNGC4","Verkaufsprospekt","31.08.2023","23.06.2024","https://fondswelt.hansainvest.com/uploads/documents/verkaufsprospekt/VKP_Aramea_Rendite_Global_Nachhaltig_31_08_2023.pdf","c:\Projects\FundDatabase\Hansainvest\DE000A3CNGA8\VKP_Aramea_Rendite_Global_Nachhaltig_31_08_2023.pdf","823ec4aea2cb0a7e561ebca90eeaafe3","1464067"
"DE000A3CNGC4","Jahresbericht","31.08.2023","23.06.2024","https://fondswelt.hansainvest.com/uploads/documents/jahresbericht/JB_1927_Aramea_Rendite_Global_Nachhaltig_Bericht_2023-08-31_Layout_PDF.pdf","c:\Projects\FundDatabase\Hansainvest\DE000A3CNGA8\JB_1927_Aramea_Rendite_Global_Nachhaltig_Bericht_2023-08-31_Layout_PDF.pdf","7bb5dfd1ad4feb2e85f936decccac870","3415310"
"DE000A3CNGC4","Halbjahresbericht","29.02.2024","23.06.2024","https://fondswelt.hansainvest.com/uploads/documents/halbjahresbericht/HJB_1927_Aramea_Rendite_Global_Nachhaltig_Bericht.pdf","c:\Projects\FundDatabase\Hansainvest\DE000A3CNGA8\HJB_1927_Aramea_Rendite_Global_Nachhaltig_Bericht.pdf","02b08d1d7000e54f9631bdf8e779c2e3","1380802"
"DE000A0NEKQ8","Verkaufsprospekt","11.10.2023","23.06.2024","https://fondswelt.hansainvest.com/uploads/documents/verkaufsprospekt/VKP_Aramea_Rendite_Plus_01_06_2023_clean.pdf","c:\Projects\FundDatabase\Hansainvest\DE000A0NEKQ8\VKP_Aramea_Rendite_Plus_01_06_2023_clean.pdf","57c3a086856018c72d9effc0bfbae702","1239637"
"DE000A0NEKQ8","Jahresbericht","31.07.2023","23.06.2024","https://fondswelt.hansainvest.com/uploads/documents/jahresbericht/JB_2104_Aramea_Rendite_Plus_2023-07-31.pdf","c:\Projects\FundDatabase\Hansainvest\DE000A0NEKQ8\JB_2104_Aramea_Rendite_Plus_2023-07-31.pdf","c150b3c5a770a277542c53420b0e0dd2","2739387"
"DE000A0NEKQ8","Halbjahresbericht","31.01.2024","23.06.2024","https://fondswelt.hansainvest.com/uploads/documents/halbjahresbericht/HJB_2104_Aramea_Rendite_Plus_Bericht_2024-01-31.pdf","c:\Projects\FundDatabase\Hansainvest\DE000A0NEKQ8\HJB_2104_Aramea_Rendite_Plus_Bericht_2024-01-31.pdf","327c694261361c24530a09196eec53bd","1751098"
"DE000A3E3Y79","Verkaufsprospekt","11.10.2023","23.06.2024","https://fondswelt.hansainvest.com/uploads/documents/verkaufsprospekt/VKP_Aramea_Rendite_Plus_Nachhaltig_09_08_2023_CH_.pdf","c:\Projects\FundDatabase\Hansainvest\DE000A3E3Y79\VKP_Aramea_Rendite_Plus_Nachhaltig_09_08_2023_CH_.pdf","c4332c7907ea2ee0710ecc89175a316d","1440436"
"DE000A3E3Y79","Jahresbericht","31.07.2023","23.06.2024","https://fondswelt.hansainvest.com/uploads/documents/jahresbericht/JB_1054_Aramea_Rendite_Plus_Nachhaltig_2023-07-31.pdf","c:\Projects\FundDatabase\Hansainvest\DE000A3E3Y79\JB_1054_Aramea_Rendite_Plus_Nachhaltig_2023-07-31.pdf","4eef2715de1cfc442f73e654d66a13c6","3608067"
"DE000A3E3Y79","Halbjahresbericht","31.01.2024","23.06.2024","https://fondswelt.hansainvest.com/uploads/documents/halbjahresbericht/HJB_1054_Aramea_Rendite_Plus_Nachhaltig_Bericht_2024-01-31.pdf","c:\Projects\FundDatabase\Hansainvest\DE000A3E3Y79\HJB_1054_Aramea_Rendite_Plus_Nachhaltig_Bericht_2024-01-31.pdf","46eb74212baf0f79d2cb4fc49fed15cb","1499552"
"DE000A2DTL86","Verkaufsprospekt","11.10.2023","23.06.2024","https://fondswelt.hansainvest.com/uploads/documents/verkaufsprospekt/VKP_Aramea_Rendite_Plus_Nachhaltig_09_08_2023_CH_.pdf","c:\Projects\FundDatabase\Hansainvest\DE000A3E3Y79\VKP_Aramea_Rendite_Plus_Nachhaltig_09_08_2023_CH_.pdf","c4332c7907ea2ee0710ecc89175a316d","1440436"
"DE000A2DTL86","Jahresbericht","31.07.2023","23.06.2024","https://fondswelt.hansainvest.com/uploads/documents/jahresbericht/JB_1054_Aramea_Rendite_Plus_Nachhaltig_2023-07-31.pdf","c:\Projects\FundDatabase\Hansainvest\DE000A3E3Y79\JB_1054_Aramea_Rendite_Plus_Nachhaltig_2023-07-31.pdf","4eef2715de1cfc442f73e654d66a13c6","3608067"
"DE000A2DTL86","Halbjahresbericht","31.01.2024","23.06.2024","https://fondswelt.hansainvest.com/uploads/documents/halbjahresbericht/HJB_1054_Aramea_Rendite_Plus_Nachhaltig_Bericht_2024-01-31.pdf","c:\Projects\FundDatabase\Hansainvest\DE000A3E3Y79\HJB_1054_Aramea_Rendite_Plus_Nachhaltig_Bericht_2024-01-31.pdf","46eb74212baf0f79d2cb4fc49fed15cb","1499552"
"DE000A2DTL78","Verkaufsprospekt","11.10.2023","23.06.2024","https://fondswelt.hansainvest.com/uploads/documents/verkaufsprospekt/VKP_Aramea_Rendite_Plus_Nachhaltig_09_08_2023_CH_.pdf","c:\Projects\FundDatabase\Hansainvest\DE000A3E3Y79\VKP_Aramea_Rendite_Plus_Nachhaltig_09_08_2023_CH_.pdf","c4332c7907ea2ee0710ecc89175a316d","1440436"
"DE000A2DTL78","Jahresbericht","31.07.2023","23.06.2024","https://fondswelt.hansainvest.com/uploads/documents/jahresbericht/JB_1054_Aramea_Rendite_Plus_Nachhaltig_2023-07-31.pdf","c:\Projects\FundDatabase\Hansainvest\DE000A3E3Y79\JB_1054_Aramea_Rendite_Plus_Nachhaltig_2023-07-31.pdf","4eef2715de1cfc442f73e654d66a13c6","3608067"
"DE000A2DTL78","Halbjahresbericht","31.01.2024","23.06.2024","https://fondswelt.hansainvest.com/uploads/documents/halbjahresbericht/HJB_1054_Aramea_Rendite_Plus_Nachhaltig_Bericht_2024-01-31.pdf","c:\Projects\FundDatabase\Hansainvest\DE000A3E3Y79\HJB_1054_Aramea_Rendite_Plus_Nachhaltig_Bericht_2024-01-31.pdf","46eb74212baf0f79d2cb4fc49fed15cb","1499552"
"DE000A141WC2","Verkaufsprospekt","11.10.2023","23.06.2024","https://fondswelt.hansainvest.com/uploads/documents/verkaufsprospekt/VKP_Aramea_Rendite_Plus_01_06_2023_clean.pdf","c:\Projects\FundDatabase\Hansainvest\DE000A0NEKQ8\VKP_Aramea_Rendite_Plus_01_06_2023_clean.pdf","57c3a086856018c72d9effc0bfbae702","1239637"
"DE000A141WC2","Jahresbericht","31.07.2023","23.06.2024","https://fondswelt.hansainvest.com/uploads/documents/jahresbericht/JB_2104_Aramea_Rendite_Plus_2023-07-31.pdf","c:\Projects\FundDatabase\Hansainvest\DE000A0NEKQ8\JB_2104_Aramea_Rendite_Plus_2023-07-31.pdf","c150b3c5a770a277542c53420b0e0dd2","2739387"
"DE000A141WC2","Halbjahresbericht","31.01.2024","23.06.2024","https://fondswelt.hansainvest.com/uploads/documents/halbjahresbericht/HJB_2104_Aramea_Rendite_Plus_Bericht_2024-01-31.pdf","c:\Projects\FundDatabase\Hansainvest\DE000A0NEKQ8\HJB_2104_Aramea_Rendite_Plus_Bericht_2024-01-31.pdf","327c694261361c24530a09196eec53bd","1751098"
"DE000A2QDSD0","Verkaufsprospekt","11.10.2023","23.06.2024","https://fondswelt.hansainvest.com/uploads/documents/verkaufsprospekt/VKP_Aramea_Rendite_Plus_01_06_2023_clean.pdf","c:\Projects\FundDatabase\Hansainvest\DE000A0NEKQ8\VKP_Aramea_Rendite_Plus_01_06_2023_clean.pdf","57c3a086856018c72d9effc0bfbae702","1239637"
"DE000A2QDSD0","Jahresbericht","31.07.2023","23.06.2024","https://fondswelt.hansainvest.com/uploads/documents/jahresbericht/JB_2104_Aramea_Rendite_Plus_2023-07-31.pdf","c:\Projects\FundDatabase\Hansainvest\DE000A0NEKQ8\JB_2104_Aramea_Rendite_Plus_2023-07-31.pdf","c150b3c5a770a277542c53420b0e0dd2","2739387"
"DE000A2QDSD0","Halbjahresbericht","31.01.2024","23.06.2024","https://fondswelt.hansainvest.com/uploads/documents/halbjahresbericht/HJB_2104_Aramea_Rendite_Plus_Bericht_2024-01-31.pdf","c:\Projects\FundDatabase\Hansainvest\DE000A0NEKQ8\HJB_2104_Aramea_Rendite_Plus_Bericht_2024-01-31.pdf","327c694261361c24530a09196eec53bd","1751098"
"DE000A0NEKF1","Verkaufsprospekt","01.01.2023","23.06.2024","https://fondswelt.hansainvest.com/uploads/documents/verkaufsprospekt/VKP_Aramea_Strategie_I_01_01_2023.pdf","c:\Projects\FundDatabase\Hansainvest\DE000A0NEKF1\VKP_Aramea_Strategie_I_01_01_2023.pdf","13e74dcbd00e7659250bc0d3333343f1","1178932"
"DE000A0NEKF1","Jahresbericht","31.07.2023","23.06.2024","https://fondswelt.hansainvest.com/uploads/documents/jahresbericht/JB_2097_Aramea_Strategie_I_Bericht_2023-07-31_Layout_PDF.pdf","c:\Projects\FundDatabase\Hansainvest\DE000A0NEKF1\JB_2097_Aramea_Strategie_I_Bericht_2023-07-31_Layout_PDF.pdf","5f1ef55d534085edaadfea6353068b1d","2151596"
"DE000A0NEKF1","Halbjahresbericht","31.01.2024","23.06.2024","https://fondswelt.hansainvest.com/uploads/documents/halbjahresbericht/HJB_2097_Aramea_Strategie_I_Bericht_2024-01-31.pdf","c:\Projects\FundDatabase\Hansainvest\DE000A0NEKF1\HJB_2097_Aramea_Strategie_I_Bericht_2024-01-31.pdf","8a79389f244f0730bcc707b3b35b20b1","1310963"
"DE000A2QAYE2","Verkaufsprospekt","01.12.2023","23.06.2024","https://fondswelt.hansainvest.com/uploads/documents/verkaufsprospekt/VKP_Aramea_Tango1_Aufloesung_ASK.pdf","c:\Projects\FundDatabase\Hansainvest\DE000A2QAYE2\VKP_Aramea_Tango1_Aufloesung_ASK.pdf","fe668d4507fb7e5cd13df965e4902330","1251208"
"DE000A2QAYE2","Jahresbericht","31.10.2023","23.06.2024","https://fondswelt.hansainvest.com/uploads/documents/jahresbericht/JB_1893_ARAMEA_TANGO_1_2023-10-31.pdf","c:\Projects\FundDatabase\Hansainvest\DE000A2QAYE2\JB_1893_ARAMEA_TANGO_1_2023-10-31.pdf","e7986b83d0cd3d0979ea0725423c48d0","1643534"
"DE000A2QAYE2","Halbjahresbericht","30.04.2023","23.06.2024","https://fondswelt.hansainvest.com/uploads/documents/halbjahresbericht/HJB_1893_ARAMEA_TANGO_1_2023-04-30.pdf","c:\Projects\FundDatabase\Hansainvest\DE000A2QAYE2\HJB_1893_ARAMEA_TANGO_1_2023-04-30.pdf","1e021449a3e09433148b068a4713ebf2","876734"
"DE000A2QAYG7","Verkaufsprospekt","01.12.2023","23.06.2024","https://fondswelt.hansainvest.com/uploads/documents/verkaufsprospekt/VKP_Aramea_Tango1_Aufloesung_ASK.pdf","c:\Projects\FundDatabase\Hansainvest\DE000A2QAYE2\VKP_Aramea_Tango1_Aufloesung_ASK.pdf","fe668d4507fb7e5cd13df965e4902330","1251208"
"DE000A2QAYG7","Jahresbericht","31.10.2023","23.06.2024","https://fondswelt.hansainvest.com/uploads/documents/jahresbericht/JB_1893_ARAMEA_TANGO_1_2023-10-31.pdf","c:\Projects\FundDatabase\Hansainvest\DE000A2QAYE2\JB_1893_ARAMEA_TANGO_1_2023-10-31.pdf","e7986b83d0cd3d0979ea0725423c48d0","1643534"
"DE000A2QAYG7","Halbjahresbericht","30.04.2023","23.06.2024","https://fondswelt.hansainvest.com/uploads/documents/halbjahresbericht/HJB_1893_ARAMEA_TANGO_1_2023-04-30.pdf","c:\Projects\FundDatabase\Hansainvest\DE000A2QAYE2\HJB_1893_ARAMEA_TANGO_1_2023-04-30.pdf","1e021449a3e09433148b068a4713ebf2","876734"
"DE000A2PE022","Verkaufsprospekt","01.04.2024","23.06.2024","https://fondswelt.hansainvest.com/uploads/documents/verkaufsprospekt/VKP_ARES_01_04_2024.pdf","c:\Projects\FundDatabase\Hansainvest\DE000A2PE022\VKP_ARES_01_04_2024.pdf","d0707ee8c43c9d95b48eceb526484ca4","1319552"
"DE000A2PE022","Jahresbericht","30.06.2023","23.06.2024","https://fondswelt.hansainvest.com/uploads/documents/jahresbericht/Jahresbericht_1828_ARES_Bericht_2023-06-30_Layout_PDF.pdf","c:\Projects\FundDatabase\Hansainvest\DE000A2PE022\Jahresbericht_1828_ARES_Bericht_2023-06-30_Layout_PDF.pdf","8e08eed866979fac5a566e176ff6c398","1438021"
"DE000A2PE022","Halbjahresbericht","31.12.2023","23.06.2024","https://fondswelt.hansainvest.com/uploads/documents/halbjahresbericht/HJB_1828_ARES_Bericht_2023-12-31_Layout_PDF.pdf","c:\Projects\FundDatabase\Hansainvest\DE000A2PE022\HJB_1828_ARES_Bericht_2023-12-31_Layout_PDF.pdf","fce305b1012d704fa717d23fb60283a2","717756"
"DE000A2PE014","Verkaufsprospekt","01.04.2024","23.06.2024","https://fondswelt.hansainvest.com/uploads/documents/verkaufsprospekt/VKP_ARES_01_04_2024.pdf","c:\Projects\FundDatabase\Hansainvest\DE000A2PE022\VKP_ARES_01_04_2024.pdf","d0707ee8c43c9d95b48eceb526484ca4","1319552"
"DE000A2PE014","Jahresbericht","30.06.2023","23.06.2024","https://fondswelt.hansainvest.com/uploads/documents/jahresbericht/Jahresbericht_1828_ARES_Bericht_2023-06-30_Layout_PDF.pdf","c:\Projects\FundDatabase\Hansainvest\DE000A2PE022\Jahresbericht_1828_ARES_Bericht_2023-06-30_Layout_PDF.pdf","8e08eed866979fac5a566e176ff6c398","1438021"
"DE000A2PE014","Halbjahresbericht","31.12.2023","23.06.2024","https://fondswelt.hansainvest.com/uploads/documents/halbjahresbericht/HJB_1828_ARES_Bericht_2023-12-31_Layout_PDF.pdf","c:\Projects\FundDatabase\Hansainvest\DE000A2PE022\HJB_1828_ARES_Bericht_2023-12-31_Layout_PDF.pdf","fce305b1012d704fa717d23fb60283a2","717756"
"DE000A2DTLT5","Verkaufsprospekt","01.01.2023","23.06.2024","https://fondswelt.hansainvest.com/uploads/documents/verkaufsprospekt/VKP_ARISTOCRATS_OPPORTUNITY_01_01_2023.pdf","c:\Projects\FundDatabase\Hansainvest\DE000A2DTLT5\VKP_ARISTOCRATS_OPPORTUNITY_01_01_2023.pdf","d3b88fa0e7ea0d9912320a4e7965dc3e","1197490"
"DE000A2DTLT5","Jahresbericht","30.09.2023","23.06.2024","https://fondswelt.hansainvest.com/uploads/documents/jahresbericht/Jahresbericht_1043_ARISTOCRATS_OPPORTUNITY_Bericht_2023-09-30.pdf","c:\Projects\FundDatabase\Hansainvest\DE000A2DTLT5\Jahresbericht_1043_ARISTOCRATS_OPPORTUNITY_Bericht_2023-09-30.pdf","ec43f4f38767e417de832664ef99721a","1430073"
"DE000A2DTLT5","Halbjahresbericht","31.03.2024","23.06.2024","https://fondswelt.hansainvest.com/uploads/documents/halbjahresbericht/HJB_1043_ARISTOCRATS_OPPORTUNITY_Bericht_2024-03-31_Layout_PDF.pdf","c:\Projects\FundDatabase\Hansainvest\DE000A2DTLT5\HJB_1043_ARISTOCRATS_OPPORTUNITY_Bericht_2024-03-31_Layout_PDF.pdf","dcc31661c009b8324e7d801c6e862ab9","870308"
"DE000A2PYPL7","Verkaufsprospekt","01.04.2024","23.06.2024","https://fondswelt.hansainvest.com/uploads/documents/verkaufsprospekt/VKP_Assella_Global_Value_01_04_2024.pdf","c:\Projects\FundDatabase\Hansainvest\DE000A2PYPL7\VKP_Assella_Global_Value_01_04_2024.pdf","d7035d75372fadcd60aefe94645d003a","1225446"
"DE000A2PYPL7","Jahresbericht","31.03.2023","23.06.2024","https://fondswelt.hansainvest.com/uploads/documents/jahresbericht/Jahresbericht_1867_Assella_Alpha_Family_Bericht_2023-03-31_Layout_PDF_8.pdf","c:\Projects\FundDatabase\Hansainvest\DE000A2PYPL7\Jahresbericht_1867_Assella_Alpha_Family_Bericht_2023-03-31_Layout_PDF_8.pdf","17d105d167ccff5bd864ca8d08ed0abc","1257939"
"DE000A2PYPL7","Halbjahresbericht","30.09.2023","23.06.2024","https://fondswelt.hansainvest.com/uploads/documents/halbjahresbericht/HJB_1867_Assella_Alpha_Family_2023-09-30.pdf","c:\Projects\FundDatabase\Hansainvest\DE000A2PYPL7\HJB_1867_Assella_Alpha_Family_2023-09-30.pdf","9f53a7caf19e519a7a7923e573503fad","803857"
"DE000A2N82B5","Verkaufsprospekt","01.04.2024","23.06.2024","https://fondswelt.hansainvest.com/uploads/documents/verkaufsprospekt/VKP_avant-garde_capital_Opportunities_Fund_01_04_2024.pdf","c:\Projects\FundDatabase\Hansainvest\DE000A2N82B5\VKP_avant-garde_capital_Opportunities_Fund_01_04_2024.pdf","c7be14c9f8280b1f10bfb3208fb34da4","1290043"
"DE000A2N82B5","Jahresbericht","30.06.2023","23.06.2024","https://fondswelt.hansainvest.com/uploads/documents/jahresbericht/Jahresbericht_1836_avant_garde_capital_Opportunities_Fund_Bericht_2023-06-30_Layout_PDF.pdf","c:\Projects\FundDatabase\Hansainvest\DE000A2N82B5\Jahresbericht_1836_avant_garde_capital_Opportunities_Fund_Bericht_2023-06-30_Layout_PDF.pdf","25593ce379e9b5da2d7d6fdc55001ac9","1659171"
